FID - Fluent,OS,Device,Device Name,Browser,Start,End,IP,Duration,Age,D-Candidates,Gender,Home_circumstances,Main_Group,PID,Region,Socio-Demographics,a1,a2,a3,a4,a5,a6,a7,a8,a9,candidate_order1,d1,k1,k2,pp,ID - 1-DannyBio,is trustworthy,is honest,understands people,cares about people,is hardworking,is a local,is a good socialist,is patriotic,is traditional,is an internationalist,ID - 2-TomBio,is trustworthy,is honest,understands people,cares about people,is hardworking,is a local,is a good socialist,is patriotic,is traditional,is an internationalist,ID - 3-NeenaBio,is trustworthy,is honest,understands people,cares about people,is hardworking,is a local,is a good socialist,is patriotic,is traditional,is an internationalist,ID - 4-EllieBio,is trustworthy,is honest,understands people,cares about people,is hardworking,is a local,is a good socialist,is patriotic,is traditional,is an internationalist,ID - 5-MarkBio,is trustworthy,is honest,understands people,cares about people,is hardworking,is a local,is a good socialist,is patriotic,is traditional,is an internationalist
63923696-db5b-99ee-f2bc-4c2098f72a02,iOS 16_1_1,Mobile,iPhone,Mozilla,08/12/2022 19:09,08/12/2022 19:16,86.144.241.71,00:06:43,10,3,6,1,3,9a24758d-6b1c-4318-aea9-46db1b6568b3,5,2,1,2,34,8,1,5,3,3,1,"4,2,5,1,3",3,1,1,0,63923696-db5b-99ee-f2bc-4c2098f72a02,0.78,1.39,0.29,1.19,1.05,0.25,0.63,0.8,0.57,0.21,63923696-db5b-99ee-f2bc-4c2098f72a02,0.64,0.43,0.73,0.41,0.64,0.56,0.72,0.86,0.45,0.3,63923696-db5b-99ee-f2bc-4c2098f72a02,0.72,1.25,0.3,0.27,0.75,0.37,0.36,0.66,0.3,0.13,63923696-db5b-99ee-f2bc-4c2098f72a02,0.62,,0.18,0.18,0.59,0.69,1.33,0.42,0.51,0.28,63923696-db5b-99ee-f2bc-4c2098f72a02,0.7,0.79,0.56,0.13,0.53,0.46,0.82,0.36,0.43,0.7
6392372b-a793-6c49-14f9-e916b96a1996,AndroidOS 10,Mobile,WebKit,Chrome 107.0.5304.141,08/12/2022 19:12,08/12/2022 19:21,80.7.150.181,00:08:32,11,2,6,2,3,10aec644-c459-421b-ae42-0632638efdca,3,2,1,2,42,8,7,3,9,3,1,"5,3,2,4,1",2,1,1,0,6392372b-a793-6c49-14f9-e916b96a1996,1.08,0.92,1.01,0.56,0.75,0.23,0.69,0.63,1.23,0.35,6392372b-a793-6c49-14f9-e916b96a1996,0.29,0.43,0.68,0.93,0.35,0.56,0.68,0.6,0.52,0.31,6392372b-a793-6c49-14f9-e916b96a1996,0.47,0.72,,0.29,0.36,,0.51,0.56,0.3,0.38,6392372b-a793-6c49-14f9-e916b96a1996,0.58,0.32,0.14,0.19,0.6,0.9,0.58,0.56,0.61,0.33,6392372b-a793-6c49-14f9-e916b96a1996,0.78,1.07,,0.18,0.73,0.19,0.73,0.58,0.69,1.21
6392370c-abb8-84cf-bc5f-ae2c62aecd9d,AndroidOS 9,Mobile,Samsung,Chrome 107.0.5304.141,08/12/2022 19:12,08/12/2022 19:19,82.1.25.118,00:06:48,11,5,5,1,3,22c45538-495b-4bd5-9d90-9677c9b06a08,7,1,1,1,48,2,3,7,3,3,2,"5,2,4,3,1",5,1,2,0,6392370c-abb8-84cf-bc5f-ae2c62aecd9d,0,0.76,0.55,0.59,1.37,0.27,0.45,0.66,0.6,0.28,6392370c-abb8-84cf-bc5f-ae2c62aecd9d,0.59,0.42,0.54,0.7,0.35,0.47,0.71,0.97,0.29,0.28,6392370c-abb8-84cf-bc5f-ae2c62aecd9d,0.63,0.76,0,0.32,0.31,0.53,0.39,0.95,,0.21,6392370c-abb8-84cf-bc5f-ae2c62aecd9d,0.79,0.25,0.08,0.25,0.83,0.65,0.58,0.55,0.62,0.35,6392370c-abb8-84cf-bc5f-ae2c62aecd9d,0.64,0.63,0.89,0.37,0.52,0.63,0.74,0.4,0.69,0
639236c0-c996-0fdc-7676-e789c63f02f1,AndroidOS 11,Mobile,WebKit,Chrome 107.0.5304.141,08/12/2022 19:12,08/12/2022 19:21,5.80.55.30,00:08:56,10,1,5,1,3,7c338c02-67f3-4b03-984e-ceda4f698204,8,2,1,1,40,8,1,8,3,3,1,"2,5,4,3,1",1,2,2,0,639236c0-c996-0fdc-7676-e789c63f02f1,0.73,0.41,0.86,0.68,1.06,0.31,0.52,0.67,0.87,,639236c0-c996-0fdc-7676-e789c63f02f1,0.48,0.61,0.84,0.48,0.35,0.41,1.02,0.47,0.55,0.28,639236c0-c996-0fdc-7676-e789c63f02f1,,0.93,0.15,0.14,0.52,0.5,0.98,0.72,0.35,,639236c0-c996-0fdc-7676-e789c63f02f1,0.74,0.35,0.12,0.33,0.75,0.71,0.86,0.28,0.48,0.37,639236c0-c996-0fdc-7676-e789c63f02f1,0.82,0.59,0.76,0.27,0.64,1.05,1,0.41,0.4,0.94
6392371b-9792-7ef0-a353-9efa6b4dae9f,AndroidOS 13,Mobile,WebKit,Chrome 107.0.5304.141,08/12/2022 19:13,08/12/2022 19:19,86.164.234.191,00:06:17,10,1,5,1,3,72a28dc3-9cfa-4d0e-a7be-be891168259f,2,1,1,1,29,2,3,2,1,3,2,"1,5,2,4,3",1,1,1,0,6392371b-9792-7ef0-a353-9efa6b4dae9f,1.05,0.5,0.84,0.67,0.74,0.13,0.54,,0.61,0.31,6392371b-9792-7ef0-a353-9efa6b4dae9f,0.35,0.42,0.82,0.54,0.64,0.65,0.79,0.67,0.4,0.31,6392371b-9792-7ef0-a353-9efa6b4dae9f,0.82,0.48,0.2,0.23,0.41,0.33,0.49,0.8,0.28,0.12,6392371b-9792-7ef0-a353-9efa6b4dae9f,0.85,0.57,0.1,0.16,0,0.81,0.9,0.72,0.49,0.19,6392371b-9792-7ef0-a353-9efa6b4dae9f,0.72,0.53,1.4,0.25,0.44,0.51,0.66,0.47,0.76,0.72
6392378d-eee5-0ffb-73f3-ee12b29841b8,AndroidOS 12,Mobile,WebKit,Chrome 107.0.5304.141,08/12/2022 19:14,08/12/2022 19:21,86.189.211.189,00:06:49,12,3,5,1,3,de6d9f40-412b-11e3-9649-12313b062d1e,10,2,1,1,57,4,3,10,3,3,1,"5,4,1,3,2",3,2,1,0,6392378d-eee5-0ffb-73f3-ee12b29841b8,0.89,1.56,1.08,0.7,1.18,0.32,0.59,0.16,0.58,0.43,6392378d-eee5-0ffb-73f3-ee12b29841b8,0.57,0.4,0.69,0.52,0.39,0.14,0.77,1.06,0.43,0.27,6392378d-eee5-0ffb-73f3-ee12b29841b8,0.36,0.61,,0.26,0.64,0.45,0.33,0.89,0.09,0.34,6392378d-eee5-0ffb-73f3-ee12b29841b8,0.75,0.23,0.1,0.18,0.81,1.26,0.37,0.83,0.54,0.34,6392378d-eee5-0ffb-73f3-ee12b29841b8,0,0.16,0.85,0.19,0.44,0,1.45,0.39,0.29,1.03
6392377b-8fb3-6225-b949-0981f6a75986,iOS 16_1_2,Mobile,iPhone,Mozilla,08/12/2022 19:14,08/12/2022 19:22,51.194.186.86,00:07:54,10,1,6,1,3,a0b1ecb2-e6ed-4a98-9729-689ca9f91388,3,1,1,2,39,3,3,3,4,3,2,"1,4,3,5,2",1,1,1,0,6392377b-8fb3-6225-b949-0981f6a75986,1.03,0.86,1.26,0.98,0.92,0.31,0,0.4,,0.37,6392377b-8fb3-6225-b949-0981f6a75986,0.64,0.36,0.9,0.39,0.2,,0.44,0.94,0.88,0.58,6392377b-8fb3-6225-b949-0981f6a75986,0.81,1.13,0.24,0.22,0.75,,0.25,0.59,0.32,0.32,6392377b-8fb3-6225-b949-0981f6a75986,0.89,0.4,0.07,0.15,1,0.79,0.37,0.62,0.91,0.48,6392377b-8fb3-6225-b949-0981f6a75986,0.81,0.13,0.48,0.49,0.6,0.48,0.99,0.4,0.54,1.18
63923880-af07-362f-475b-c724668a5d3e,iOS 16_1_1,Mobile,iPhone,Mozilla,08/12/2022 19:19,08/12/2022 19:26,81.151.141.53,00:07:15,11,4,6,1,3,c9113286-a938-421b-aba4-bce75f66286e,3,1,1,2,47,2,2,3,3,3,2,"2,4,3,1,5",4,4,2,0,63923880-af07-362f-475b-c724668a5d3e,1.23,0.61,0.34,0.71,0.55,0.12,0.59,0.74,0.64,0.29,63923880-af07-362f-475b-c724668a5d3e,0.5,0.38,0.54,0.46,0.36,0.43,0.61,0.62,0.72,0.55,63923880-af07-362f-475b-c724668a5d3e,0,0.73,0.38,0.36,0.35,0.6,1.09,0.65,0.34,0.29,63923880-af07-362f-475b-c724668a5d3e,0.75,0.38,0.15,0.26,1.09,0.81,0.46,0.62,0.45,0.29,63923880-af07-362f-475b-c724668a5d3e,1.24,0.76,0.29,0.21,0.5,0.3,0.81,0.46,0.89,0.89
639238d4-9c4f-d4fb-c89d-7d1feeab4d76,AndroidOS 13,Mobile,WebKit,Chrome 107.0.5304.141,08/12/2022 19:19,08/12/2022 19:25,86.184.95.34,00:06:10,10,3,5,1,3,1eda711f-1a00-4fa6-9d2d-ca1c2cdbc55f,4,1,1,1,33,3,2,4,1,3,2,"5,4,3,1,2",3,1,2,0,639238d4-9c4f-d4fb-c89d-7d1feeab4d76,1.04,0.8,0.94,0.65,0.75,0.3,0.53,0.61,0.6,0.27,639238d4-9c4f-d4fb-c89d-7d1feeab4d76,0.45,0.47,0.72,0.42,,0.58,0.57,0.81,0.51,0.27,639238d4-9c4f-d4fb-c89d-7d1feeab4d76,0.66,0.87,0.34,0.19,0.35,0.08,,1.15,,0.27,639238d4-9c4f-d4fb-c89d-7d1feeab4d76,0.6,0.37,0.13,0.13,0.74,0.62,0.59,0.59,0.53,0.4,639238d4-9c4f-d4fb-c89d-7d1feeab4d76,0.69,0.6,0.81,0.23,0.72,0.5,0.67,0.42,0.47,0.78
639238a9-e2a1-9ae9-dbac-135884b9d820,AndroidOS 11,Mobile,WebKit,Chrome 107.0.5304.141,08/12/2022 19:19,08/12/2022 19:26,94.12.255.149,00:06:42,10,2,5,1,3,9fed84cb-8712-4689-bafe-e0d18cfb5ab3,6,1,1,1,38,1,2,6,6,3,2,"4,3,1,2,5",2,1,3,0,639238a9-e2a1-9ae9-dbac-135884b9d820,0.4,1.22,0.47,0.81,0.69,0.34,0.57,0.56,0,0.3,639238a9-e2a1-9ae9-dbac-135884b9d820,0.47,0.35,0.53,0.65,0.43,0.62,,0.9,0.23,0.43,639238a9-e2a1-9ae9-dbac-135884b9d820,0.97,0.8,,0.19,0.52,,0.28,0.16,0.23,0.06,639238a9-e2a1-9ae9-dbac-135884b9d820,0.79,0.18,0,0.28,0.54,0.8,0.69,0.35,0.25,0.44,639238a9-e2a1-9ae9-dbac-135884b9d820,0.45,0.7,1,0.27,0.78,0.33,1.13,0.43,0.76,0.91
6392375e-15ec-b163-ed97-ef84d8abdf83,AndroidOS 12,Mobile,WebKit,Chrome 107.0.5304.141,08/12/2022 19:20,08/12/2022 19:28,84.69.111.251,00:07:36,10,5,6,1,3,09ba71a1-8635-4db0-8fe8-c6a6e76b65e8,7,1,1,2,36,3,2,7,3,3,1,"3,1,2,5,4",5,4,3,0,6392375e-15ec-b163-ed97-ef84d8abdf83,0.83,,1.34,0.76,1.02,0.3,0.67,0.82,0.4,0.3,6392375e-15ec-b163-ed97-ef84d8abdf83,0.51,0.36,0.86,0.56,0.2,0.54,0.61,0.48,0.45,0.3,6392375e-15ec-b163-ed97-ef84d8abdf83,0.62,1.04,0.12,0.24,0.4,0.39,0.32,1.38,0.3,0.22,6392375e-15ec-b163-ed97-ef84d8abdf83,1.19,0.36,0.28,0.22,0.67,0.24,0.6,1,0.69,0.43,6392375e-15ec-b163-ed97-ef84d8abdf83,0.66,0.25,0.99,0.32,,,0.75,,1.1,
63926f29-c5da-7863-326a-86d6e117cbce,AndroidOS 9,Mobile,Samsung,Chrome 107.0.5304.141,08/12/2022 23:12,08/12/2022 23:21,31.48.135.53,00:09:08,10,5,5,1,3,8e5aebc8a26ac8e6e1bb51d920b3d1b5,2,2,1,1,36,4,3,2,3,3,2,"2,4,5,3,1",5,1,1,0,63926f29-c5da-7863-326a-86d6e117cbce,1.09,0,0.5,0.83,0.77,0.25,0.12,0.45,0.45,0.31,63926f29-c5da-7863-326a-86d6e117cbce,0.54,0.47,0.54,0.44,0.37,0.42,0.46,0.67,0.72,0.34,63926f29-c5da-7863-326a-86d6e117cbce,1.04,0.34,0.36,0.21,0.67,0.56,0.61,1.23,0.13,0.35,63926f29-c5da-7863-326a-86d6e117cbce,0.92,0.34,0.09,0.24,0.56,0.58,0.55,0.16,,0.32,63926f29-c5da-7863-326a-86d6e117cbce,0.59,0.58,0.71,0.3,0.6,,0.62,0.65,0.67,0.55
63927021-4b3a-e3aa-5cf7-e9dc91da2157,AndroidOS 10,Mobile,WebKit,Chrome 81.0.4044.138,08/12/2022 23:15,08/12/2022 23:22,92.40.170.66,00:07:06,10,1,6,2,3,abef68298978a68518fb525368f3769a,4,1,1,2,25,2,4,4,4,3,2,"5,4,3,2,1",1,1,2,0,63927021-4b3a-e3aa-5cf7-e9dc91da2157,0.78,0.85,0.61,0.67,0.62,0.29,,0.49,0.26,0.24,63927021-4b3a-e3aa-5cf7-e9dc91da2157,0.59,0.57,0.47,,0.33,0.65,0.59,1.08,0.67,,63927021-4b3a-e3aa-5cf7-e9dc91da2157,0.58,0.69,,0.26,0.45,0.39,0.5,,0.39,0.14,63927021-4b3a-e3aa-5cf7-e9dc91da2157,0.46,0.34,0.11,0.26,0.22,0.63,0.66,0.33,0.54,,63927021-4b3a-e3aa-5cf7-e9dc91da2157,0.62,0.76,1.04,0.17,0,,0.69,0.33,0.52,0.85
6392ee21-47d3-b0f5-f89e-b6d0cbaab174,AndroidOS 9,Mobile,WebKit,Chrome 108.0.0.0,09/12/2022 08:13,09/12/2022 08:22,2.28.75.13,00:08:12,11,3,5,2,3,341328699,1,1,1,1,48,3,5,1,3,3,2,"4,5,1,3,2",3,2,2,0,6392ee21-47d3-b0f5-f89e-b6d0cbaab174,0.2,1.31,0.35,0.83,0.84,0.36,0.55,0.94,1.02,0.25,6392ee21-47d3-b0f5-f89e-b6d0cbaab174,0.41,0.52,0.29,0.42,0.44,0.6,0.68,0.7,0.56,0.59,6392ee21-47d3-b0f5-f89e-b6d0cbaab174,,0.55,0.25,0.24,0.13,0.55,0.31,1.72,0.34,0.11,6392ee21-47d3-b0f5-f89e-b6d0cbaab174,0.61,0.4,0.13,0.21,0.85,1.22,0.36,0.52,0.67,0.29,6392ee21-47d3-b0f5-f89e-b6d0cbaab174,0.34,0.59,0.89,0.24,0.72,0.34,0.77,0.51,0.5,0.5
639301d2-5539-7ac2-d1f5-9c4a1ec717ca,Windows 10.0,Desktop,WebKit,Chrome 108.0.0.0,09/12/2022 09:37,09/12/2022 09:45,86.141.116.112,00:08:13,12,4,5,1,3,ls_6kRrh6nvntG42grd,8,1,1,1,62,3,1,8,3,3,2,"2,3,1,5,4",4,2,3,0,639301d2-5539-7ac2-d1f5-9c4a1ec717ca,1.45,0.67,1.63,0.58,0.9,0.3,0.7,0.07,0.94,0.37,639301d2-5539-7ac2-d1f5-9c4a1ec717ca,0.54,0,0.13,0.41,0.38,0.06,0.68,0.92,0.63,0.42,639301d2-5539-7ac2-d1f5-9c4a1ec717ca,0.95,0.89,0.35,0.27,0.51,0.52,0.47,0.43,0.31,0.12,639301d2-5539-7ac2-d1f5-9c4a1ec717ca,1.2,,0.07,0.16,0.84,1.27,0.6,0.61,,0.6,639301d2-5539-7ac2-d1f5-9c4a1ec717ca,0.64,,0.66,0.19,0.94,0.47,,0.54,0.73,0.78
639301d7-b856-0568-7169-d6c05d512bf3,iOS 12_5_6,Mobile,iPad,Safari 12.1.2,09/12/2022 09:37,09/12/2022 09:45,86.148.121.78,00:08:37,12,2,6,1,3,371-1-588674,5,2,1,2,58,4,2,5,3,3,2,"2,5,3,4,1",2,4,5,0,639301d7-b856-0568-7169-d6c05d512bf3,0.52,1.05,0.02,0.52,1.05,0.24,0.51,0.43,0.65,0.22,639301d7-b856-0568-7169-d6c05d512bf3,0.53,0.41,0.64,0.63,0.35,0.52,0.54,0.95,0.57,0.29,639301d7-b856-0568-7169-d6c05d512bf3,0.53,1.14,,0.2,0.62,0.69,0.29,,0.3,0.24,639301d7-b856-0568-7169-d6c05d512bf3,0.69,0.3,0.07,0.11,0.76,0.81,0.69,0.44,0.53,0.28,639301d7-b856-0568-7169-d6c05d512bf3,0.65,0.37,1.08,0.24,0.61,0.5,0.58,0.34,0.9,1.03
639301e5-3fd8-be20-2a52-f5e2f833b402,AndroidOS 11,Mobile,WebKit,Chrome 97.0.4692.98,09/12/2022 09:37,09/12/2022 09:45,198.244.149.127,00:07:35,9,4,5,1,3,EGP-vlt5-885587446,1,1,1,1,23,1,3,1,3,3,2,"2,3,4,1,5",4,1,4,0,639301e5-3fd8-be20-2a52-f5e2f833b402,2.11,0.5,0,0.5,0.75,0.21,0.01,0.85,0.66,0.29,639301e5-3fd8-be20-2a52-f5e2f833b402,0.55,0.41,0.65,0.56,0.3,0.5,0.79,0.96,0.37,0.23,639301e5-3fd8-be20-2a52-f5e2f833b402,0.67,0.86,0.24,0.3,0.36,0.26,0.22,1.72,0.36,,639301e5-3fd8-be20-2a52-f5e2f833b402,0.79,0.32,0.19,0.24,0.41,,0.61,0.35,0,0.46,639301e5-3fd8-be20-2a52-f5e2f833b402,0.86,0.83,1,0.26,0.49,1.08,0.82,0.58,0.5,0.91
639302ef-d42d-1569-3d8e-4764c1c34e42,AndroidOS 12,Mobile,WebKit,Chrome 107.0.5304.141,09/12/2022 09:42,09/12/2022 09:48,82.44.118.34,00:06:00,10,4,5,1,3,ZYoerFZDNpPExddqYVvWqjXj,5,1,1,1,38,2,3,5,3,3,2,"2,3,1,5,4",4,1,1,0,639302ef-d42d-1569-3d8e-4764c1c34e42,0.39,0.96,1,0.75,0.9,0.26,0.62,0.6,0.77,0.26,639302ef-d42d-1569-3d8e-4764c1c34e42,0.59,0.57,0.54,0.62,0.33,0.61,0.7,0.99,0.52,0.37,639302ef-d42d-1569-3d8e-4764c1c34e42,0.81,0.92,0.26,0.24,0.55,0.68,0.33,0.4,0.32,0.15,639302ef-d42d-1569-3d8e-4764c1c34e42,0.68,0.42,0.09,0.22,0.95,0.88,0.74,0.65,0.54,0.24,639302ef-d42d-1569-3d8e-4764c1c34e42,0.59,0.8,0.91,0.23,0.7,0.46,0.69,0.62,0.64,0.59
63930303-08c2-3540-d33b-ad985383d492,Windows 10.0,Desktop,WebKit,Chrome 108.0.0.0,09/12/2022 09:42,09/12/2022 09:50,161.74.224.4,00:07:36,9,4,6,2,3,rTBVEDSTEimHxqPNmoTVoHhV,2,2,1,2,20,7,5,2,3,3,1,"1,5,3,2,4",4,2,1,0,63930303-08c2-3540-d33b-ad985383d492,0.35,0.32,0.43,0.79,1.68,0.27,0.44,0.54,0.7,0.35,63930303-08c2-3540-d33b-ad985383d492,0.68,0.69,1.14,0.52,0.38,0.6,0.83,0.89,0.53,0.14,63930303-08c2-3540-d33b-ad985383d492,0.7,1.15,0.29,0.27,0.22,0.38,0.19,0.89,0.23,,63930303-08c2-3540-d33b-ad985383d492,0.7,0.34,0.08,0.33,0.82,0.73,0.65,0.37,0.54,0.34,63930303-08c2-3540-d33b-ad985383d492,0.69,0.63,0.76,0.21,,,0.75,0.49,0.65,
63930303-9be9-54c3-487a-7ea9d10fb3dd,Windows 10.0,Desktop,WebKit,Edge 107.0.1418.56,09/12/2022 09:42,09/12/2022 09:49,185.49.37.246,00:06:20,10,5,5,1,3,VnBMoxAFJ2LFKP2zxjj9yAHX,4,1,1,1,34,3,3,4,3,3,2,"5,4,3,1,2",5,1,2,0,63930303-9be9-54c3-487a-7ea9d10fb3dd,0.11,0.79,0.84,0.68,0.89,0.55,0.62,0.65,0.83,0.73,63930303-9be9-54c3-487a-7ea9d10fb3dd,0.03,0.44,0.77,0.52,0.35,0.63,0.67,0.67,0.47,0.33,63930303-9be9-54c3-487a-7ea9d10fb3dd,0.7,0.81,0.39,0.27,0.48,0.5,0.49,,0.23,0.16,63930303-9be9-54c3-487a-7ea9d10fb3dd,1.41,0.29,0.15,0.22,0.71,0.8,0.61,0.61,0.65,0.8,63930303-9be9-54c3-487a-7ea9d10fb3dd,0.58,0.66,0.57,0.22,,0.45,0.92,0.45,0.68,0.83
639302f6-9aa4-2bd6-86cc-303fe788dd3a,iOS 15_6_1,Mobile,iPhone,Mozilla,09/12/2022 09:42,09/12/2022 10:04,149.241.135.144,00:21:10,10,4,5,1,3,MdKBAYpsp3woVazFQavKj9ky,3,1,1,1,30,2,1,3,3,3,2,"4,2,5,3,1",4,3,2,0,639302f6-9aa4-2bd6-86cc-303fe788dd3a,1.66,1.13,1.09,0.72,0.82,0.27,0.44,0.66,0.31,0.23,639302f6-9aa4-2bd6-86cc-303fe788dd3a,0.42,0.69,0.75,0.44,0.34,0.55,0.54,0.9,0.42,0.22,639302f6-9aa4-2bd6-86cc-303fe788dd3a,0.75,0.61,0.29,0.27,0.42,0.42,0.43,0.71,0.47,0.27,639302f6-9aa4-2bd6-86cc-303fe788dd3a,0.66,0.54,0.15,0.2,0.73,0.62,0.66,0.57,0.71,0.35,639302f6-9aa4-2bd6-86cc-303fe788dd3a,0.88,0.71,0.89,0.15,0.39,0.62,0.66,0.42,0.46,0.75
639302ec-7f82-0213-2e04-350c1783d44f,iOS 16_1_1,Mobile,iPhone,Mozilla,09/12/2022 09:42,09/12/2022 09:49,86.134.193.246,00:06:40,9,1,6,2,3,qiM5wFtwjdtFYXVYTkwWXR5R,2,2,1,2,18,8,5,2,3,3,1,"5,3,4,2,1",1,3,3,0,639302ec-7f82-0213-2e04-350c1783d44f,1.25,0.68,2.3,0.51,0,0.38,0.62,,0.68,0.38,639302ec-7f82-0213-2e04-350c1783d44f,0.49,0.56,1.3,0.54,0.4,0.43,0.93,0.79,0.95,0.03,639302ec-7f82-0213-2e04-350c1783d44f,0.8,0.43,0.14,,0.61,,0.4,0.84,0.26,0.08,639302ec-7f82-0213-2e04-350c1783d44f,0.92,0.28,0.12,0.15,0.88,0.64,0.79,0.55,0.16,0.35,639302ec-7f82-0213-2e04-350c1783d44f,0.6,0.68,0.79,0.23,0.54,0.55,0.69,0.48,0.71,0.67
63930305-d5b3-781b-c663-6fa9eebc3a81,AndroidOS 10,Mobile,WebKit,Chrome 107.0.5304.141,09/12/2022 09:43,09/12/2022 09:49,94.173.174.138,00:06:55,10,4,5,1,3,hVh6y2EUgiefxVx2siweZ2Fn,6,2,1,1,39,5,1,6,3,3,2,"4,3,1,5,2",4,1,1,0,63930305-d5b3-781b-c663-6fa9eebc3a81,0.87,0.97,0.62,0.55,0.78,0.41,0.59,0.71,0.68,0.26,63930305-d5b3-781b-c663-6fa9eebc3a81,0.6,0.41,0.65,0.37,0.19,0.47,0.67,0.85,0.49,0.2,63930305-d5b3-781b-c663-6fa9eebc3a81,0.72,1.22,0.23,0.29,0.61,0.08,0.15,0.44,0.3,0.19,63930305-d5b3-781b-c663-6fa9eebc3a81,0.64,0.36,0.13,0.2,0.9,0.62,0.54,0.03,0.33,0.27,63930305-d5b3-781b-c663-6fa9eebc3a81,0.82,0.75,0.75,0.15,0.63,0.32,0.65,0.52,0.61,0.73
6393031c-5f75-a0a6-a142-132ff3f165cc,AndroidOS 11,Mobile,SamsungTablet,Chrome 107.0.5304.141,09/12/2022 09:43,09/12/2022 09:49,31.51.212.154,00:06:53,10,5,6,1,3,RGM8zG5wvWnit5nQ8JSHdQEJ,3,2,1,2,35,5,3,3,3,3,2,"1,4,3,5,2",5,1,1,0,6393031c-5f75-a0a6-a142-132ff3f165cc,0.88,0.85,0.6,0.6,0.85,0.29,0.42,0.51,0.54,0.28,6393031c-5f75-a0a6-a142-132ff3f165cc,0.46,0.49,0.58,0.59,0.36,0.56,0.69,0.75,0.44,0.32,6393031c-5f75-a0a6-a142-132ff3f165cc,0.73,0.96,0.44,0.19,0.54,0.46,0.44,0.3,0.38,0.2,6393031c-5f75-a0a6-a142-132ff3f165cc,0.61,0.35,0.12,0.23,0.74,0.66,0.46,0.45,0.52,0.65,6393031c-5f75-a0a6-a142-132ff3f165cc,0.89,0.71,0.92,0.23,0.62,0.46,0.77,0.46,0.06,1.04
6393032c-2eb3-98fb-9a00-0c48953ed8e9,AndroidOS 13,Mobile,Pixel,Chrome 103.0.5060.129,09/12/2022 09:43,09/12/2022 09:51,178.78.76.238,00:08:12,10,3,6,1,3,mZJ8R1G2zW5rWxnNc5grFdBE,8,2,1,2,39,8,1,8,3,3,2,"5,1,2,4,3",3,2,2,0,6393032c-2eb3-98fb-9a00-0c48953ed8e9,1.34,1.32,1.17,0.64,0.79,0.35,0.41,0,0.71,0.26,6393032c-2eb3-98fb-9a00-0c48953ed8e9,0.42,0.51,0.71,0.58,0.37,0.46,0.66,0.58,0.5,0.27,6393032c-2eb3-98fb-9a00-0c48953ed8e9,0.58,0.88,0.25,0.29,0.49,0.62,0.3,0.77,0.32,0.25,6393032c-2eb3-98fb-9a00-0c48953ed8e9,0.51,0.37,0.22,0.26,0.66,0,0.46,0.5,0.62,0.35,6393032c-2eb3-98fb-9a00-0c48953ed8e9,0.77,0.71,1.08,0.22,0.71,0.47,0.83,0.4,0.65,1.09
63930321-3757-0fa5-1ee7-be020e70e4a0,iOS 16_1_1,Mobile,iPhone,Mozilla,09/12/2022 09:43,09/12/2022 09:49,89.240.255.143,00:06:37,11,3,6,2,3,xaB5XuX3Aij1oryTZFCv2MQW,4,1,1,2,41,3,6,4,3,3,2,"1,5,3,2,4",3,2,2,0,63930321-3757-0fa5-1ee7-be020e70e4a0,0.73,1.16,0.8,0.41,0.78,0.28,0.34,0.6,0.74,0.31,63930321-3757-0fa5-1ee7-be020e70e4a0,0.17,0.3,0.93,0.54,0.29,0.6,0.64,0.7,0.44,0.28,63930321-3757-0fa5-1ee7-be020e70e4a0,0.59,1.21,0.41,0.23,0.25,0.49,0.32,0.58,0.34,0.18,63930321-3757-0fa5-1ee7-be020e70e4a0,0.89,0.36,0.13,0.22,0.48,0.7,0.54,0.44,0.58,0.39,63930321-3757-0fa5-1ee7-be020e70e4a0,0.94,0.45,0.9,0.2,0.89,0.46,1.06,0.61,0.67,0.55
63930308-bb4f-c821-02aa-eb128b40fc9a,Windows 10.0,Desktop,WebKit,Opera 93.0.0.0,09/12/2022 09:43,09/12/2022 09:50,86.160.110.228,00:07:13,10,1,5,1,3,ZJAawZsfHdZePq46xbnYiyAA,9,1,1,1,39,1,3,9,3,3,2,"3,4,5,2,1",1,1,1,0,63930308-bb4f-c821-02aa-eb128b40fc9a,1.09,1,0.93,0.68,0.8,0.27,0.48,0.66,1.6,0.28,63930308-bb4f-c821-02aa-eb128b40fc9a,0.61,0.4,0.69,0.49,0.37,0.49,0.62,0.73,0.44,0.34,63930308-bb4f-c821-02aa-eb128b40fc9a,,0.52,0.4,0.2,0.42,0.48,0.33,,0.62,0.17,63930308-bb4f-c821-02aa-eb128b40fc9a,0.66,0.31,0.09,0.22,0.7,0.68,0.58,0.53,0.52,0.36,63930308-bb4f-c821-02aa-eb128b40fc9a,0.67,0.83,0.81,0.24,0.53,0.5,0.86,0.48,0.61,0.76
639302f5-4f08-de34-797a-c783199930ba,Windows 10.0,Desktop,WebKit,Chrome 108.0.0.0,09/12/2022 09:43,09/12/2022 09:50,51.146.30.154,00:07:14,11,1,5,2,3,Vpe7ePQzqBjc8fXBivaTWVPh,2,1,1,1,52,2,5,2,2,3,2,"2,4,1,5,3",1,1,1,0,639302f5-4f08-de34-797a-c783199930ba,1.33,0.83,0.88,0.72,0.67,0.06,0.42,0.59,0.65,0.34,639302f5-4f08-de34-797a-c783199930ba,0.59,0.41,0.89,0.52,0.33,0.46,0.75,0.76,0.44,0.18,639302f5-4f08-de34-797a-c783199930ba,0.68,0.35,,0.28,0.56,0.52,0.28,0.47,0.2,0,639302f5-4f08-de34-797a-c783199930ba,0.7,0.37,0.14,0.21,0.76,0.69,0.58,0.49,0.54,0.3,639302f5-4f08-de34-797a-c783199930ba,0.71,0.6,0.72,0.25,0.69,0.5,0.7,0.45,0.57,0.52
6393030a-0028-86eb-93a8-3a60f99ae89d,iOS 16_1_1,Mobile,iPhone,Mozilla,09/12/2022 09:43,09/12/2022 09:51,151.224.202.12,00:08:06,10,4,6,1,3,Luck48s6odSYHwJhyQM9fqLZ,6,1,1,2,34,3,3,6,3,3,2,"1,4,2,5,3",4,3,3,0,6393030a-0028-86eb-93a8-3a60f99ae89d,0.92,0.83,,0.71,1.13,0,0.67,,0.45,0.19,6393030a-0028-86eb-93a8-3a60f99ae89d,0,0.56,0,,0,0.71,0.73,,,,6393030a-0028-86eb-93a8-3a60f99ae89d,0.5,0,0.36,0.22,0.61,,0.35,,0.32,0.3,6393030a-0028-86eb-93a8-3a60f99ae89d,1.34,,,,1.14,0.98,0.52,,0.38,,6393030a-0028-86eb-93a8-3a60f99ae89d,1.32,0.52,0.59,,0.37,0.37,,0.69,,
63930301-f13a-e5ed-dbae-77a782d5713f,AndroidOS 12,Mobile,WebKit,Chrome 107.0.5304.141,09/12/2022 09:43,09/12/2022 09:52,90.249.205.141,00:09:36,10,3,6,1,3,kT3dMKWx1b88GXSwT6ixUcPZ,8,1,1,2,26,3,3,8,3,3,2,"5,2,4,1,3",3,2,2,0,63930301-f13a-e5ed-dbae-77a782d5713f,,,0.33,,1.36,0.4,,1.2,1.24,0.09,63930301-f13a-e5ed-dbae-77a782d5713f,0.78,0.2,0.23,0.42,0.39,0.91,0.99,,0.4,0.48,63930301-f13a-e5ed-dbae-77a782d5713f,,,0.07,,0.49,,0.64,,0.04,,63930301-f13a-e5ed-dbae-77a782d5713f,0.45,0,0.14,0,,0.54,0.21,0.61,0.61,0.07,63930301-f13a-e5ed-dbae-77a782d5713f,0.11,0.61,0,0.27,0.61,0.55,0.65,0.37,,0.95
63930333-8c4c-c0d3-4fea-a7139d135c21,iOS 16_1_1,Mobile,iPhone,Mozilla,09/12/2022 09:43,09/12/2022 09:51,92.40.190.205,00:08:17,9,4,6,1,3,hFDuBMMmdFrU7LuWiEScKc7c,7,1,1,2,22,3,2,7,3,3,2,"2,4,5,1,3",4,1,2,0,63930333-8c4c-c0d3-4fea-a7139d135c21,1.55,1.02,1.45,0.9,0.73,0.23,0.63,0.8,0.83,0.25,63930333-8c4c-c0d3-4fea-a7139d135c21,0.48,,0.64,0.3,0.41,0,0.65,1.11,0.18,0.49,63930333-8c4c-c0d3-4fea-a7139d135c21,0.62,1.28,,0.08,0.37,0.45,0.46,0.02,0.37,0.24,63930333-8c4c-c0d3-4fea-a7139d135c21,0.51,0.35,0.18,0.13,0.96,0.64,0.37,,0.8,0.31,63930333-8c4c-c0d3-4fea-a7139d135c21,0.72,1.79,1,,,0.59,0.31,0.39,0.5,
6393033f-288b-81fe-94b0-0a20e436ead5,AndroidOS 10,Mobile,WebKit,Chrome 108.0.5359.79,09/12/2022 09:43,09/12/2022 09:50,80.74.242.38,00:07:32,10,1,6,1,3,oUHzK3ydiDA5KtKCdXMTzPCt,3,2,1,2,40,4,2,3,3,3,2,"5,3,1,2,4",1,2,2,0,6393033f-288b-81fe-94b0-0a20e436ead5,1.2,0.83,0.68,0.66,0.9,0.43,0.25,0.55,0.63,0.24,6393033f-288b-81fe-94b0-0a20e436ead5,0.24,0.53,0.57,0.66,0.33,0.54,0.65,0.54,0.64,0.32,6393033f-288b-81fe-94b0-0a20e436ead5,0.7,0.96,0.36,0,0.42,0.46,0.25,0.28,0.29,0.12,6393033f-288b-81fe-94b0-0a20e436ead5,0.76,0.43,0.11,0.23,0.76,0.72,0.57,0.93,0.42,0.31,6393033f-288b-81fe-94b0-0a20e436ead5,0.65,0.8,1.16,0.3,0.81,0.46,0.81,0.53,0.62,1.35
6393033c-edd4-8b90-0012-680b32528315,Windows 10.0,Desktop,WebKit,Edge 108.0.1462.42,09/12/2022 09:43,09/12/2022 09:49,109.175.162.204,00:06:02,10,4,5,1,3,MQSdzfT8gBi5zLUa2EzGDwb8,1,1,1,1,28,1,2,1,1,3,2,"2,3,1,4,5",4,3,3,0,6393033c-edd4-8b90-0012-680b32528315,0.74,0.65,0.89,0.8,0.92,0.27,,0.56,1.08,0.67,6393033c-edd4-8b90-0012-680b32528315,0.78,0.41,0.69,0.47,0.3,0.5,0.52,0.62,0.48,0.33,6393033c-edd4-8b90-0012-680b32528315,0.71,0.54,0.32,0.15,0.58,0.47,0.68,0.86,,0.09,6393033c-edd4-8b90-0012-680b32528315,0.65,0.66,0.14,0.18,0.7,0.64,0.66,0.4,0.64,0.27,6393033c-edd4-8b90-0012-680b32528315,0.68,0.45,0.64,0.23,0.31,0.56,0.87,0.47,,0.74
63930327-ab9e-14bf-7d21-4a94f62feea5,iOS 16_1_1,Mobile,iPhone,Mozilla,09/12/2022 09:43,09/12/2022 09:49,147.148.96.53,00:06:13,9,4,6,1,3,UWXNDXgNSRePxux51CBAoYm2,1,1,1,2,22,2,3,1,3,3,2,"3,1,4,5,2",4,2,1,0,63930327-ab9e-14bf-7d21-4a94f62feea5,1.45,1.03,,0.52,0.92,0.27,0.55,0.52,0.91,0.43,63930327-ab9e-14bf-7d21-4a94f62feea5,0.78,0.41,0.79,0.99,0.26,0.34,0.47,0.49,0,0.33,63930327-ab9e-14bf-7d21-4a94f62feea5,0.63,0.83,0.29,0.21,0.34,0.46,0.42,0.73,0.2,0.16,63930327-ab9e-14bf-7d21-4a94f62feea5,0.77,0.32,0.1,0.3,0.76,0.56,0.65,0.52,0.67,0.25,63930327-ab9e-14bf-7d21-4a94f62feea5,0.43,0.71,1.08,0.3,0.45,0.5,0.89,0.47,0.39,0.6
63930349-d6b1-f0d3-6724-da98a480e3b2,iOS 15_6_1,Mobile,iPhone,Mozilla,09/12/2022 09:43,09/12/2022 09:49,84.70.194.200,00:06:36,12,5,5,1,3,ZgCGkPisNhSx4xQcXaTDfFQc,9,2,1,1,59,4,2,9,3,3,2,"4,1,5,3,2",5,1,1,0,63930349-d6b1-f0d3-6724-da98a480e3b2,0.49,1.05,1.39,0.88,,0.31,0.47,0.15,0.5,0.24,63930349-d6b1-f0d3-6724-da98a480e3b2,0.58,0.44,1.02,0.36,0.42,0.63,0.61,0.67,0.42,0.38,63930349-d6b1-f0d3-6724-da98a480e3b2,0.55,0.87,0.34,0.15,0.56,0.77,0.29,1.03,0.18,0.34,63930349-d6b1-f0d3-6724-da98a480e3b2,0.98,0.3,0.19,0.18,0.63,0.79,0.37,0.48,0.36,0.37,63930349-d6b1-f0d3-6724-da98a480e3b2,0.89,0.93,0.83,0.2,0.58,0.56,0.75,0.44,0.85,0.83
63930324-a287-6547-0f6b-8635f81a7d9a,Windows 10.0,Desktop,WebKit,Chrome 108.0.0.0,09/12/2022 09:43,09/12/2022 09:51,86.7.186.109,00:08:18,10,5,5,2,3,YCtw1CHmkfxPGUuFuzY4c2nM,2,1,1,1,35,2,5,2,3,3,2,"1,2,3,4,5",5,2,2,0,63930324-a287-6547-0f6b-8635f81a7d9a,0.59,0.62,0.84,1.25,0.73,0.38,0.74,0.56,0.66,0,63930324-a287-6547-0f6b-8635f81a7d9a,0.45,0.3,0.94,0.38,0.34,0.57,0.41,1.21,0.58,0.39,63930324-a287-6547-0f6b-8635f81a7d9a,0.69,0.65,0.27,,0.38,0,,0.73,0.27,0.3,63930324-a287-6547-0f6b-8635f81a7d9a,0,0.2,0.17,0.28,0.74,0.11,0.49,0.54,0.83,0.37,63930324-a287-6547-0f6b-8635f81a7d9a,0.66,0.78,,0.17,0.83,0.61,0.87,0.4,0.94,
63930308-60be-1187-81cb-5a3017b52317,iOS 16_0_2,Mobile,iPhone,Mozilla,09/12/2022 09:43,09/12/2022 09:54,82.6.6.66,00:11:31,11,2,5,1,3,TgxkzzMmtHAK8ro8QuUvCo43,3,1,1,1,44,3,3,3,3,3,1,"4,3,5,1,2",2,2,2,0,63930308-60be-1187-81cb-5a3017b52317,1.23,1.61,0.75,0.86,,0.22,0.48,0.38,0.9,0.18,63930308-60be-1187-81cb-5a3017b52317,0.5,0.47,0.61,0.27,0.36,0.38,0.76,1.68,0.3,0.15,63930308-60be-1187-81cb-5a3017b52317,0.7,0.94,0.2,0.33,0.27,0.67,0.24,0.87,0.27,0.16,63930308-60be-1187-81cb-5a3017b52317,0.59,,0.19,0.21,0.68,0.83,0.6,0.48,0.76,0.5,63930308-60be-1187-81cb-5a3017b52317,1.27,0.57,0.8,0.22,0.75,0.54,0.97,0.35,0.46,0.86
6393030d-be6e-c8b1-0244-0ee49b2a9cc4,iOS 16_1_1,Mobile,iPhone,Mozilla,09/12/2022 09:43,09/12/2022 09:53,86.142.163.10,00:09:59,10,4,6,1,3,NZhpBBeCLAJQdwfeZ6sQU9zi,5,2,1,2,30,4,3,5,1,3,2,"5,4,2,3,1",4,2,1,0,6393030d-be6e-c8b1-0244-0ee49b2a9cc4,0.52,0.94,0.75,0.82,0.96,0.32,0.55,0.49,0.66,0.26,6393030d-be6e-c8b1-0244-0ee49b2a9cc4,0.48,0.3,0.87,0.47,0.33,,0.76,0.99,0.35,0.15,6393030d-be6e-c8b1-0244-0ee49b2a9cc4,0.86,0.95,0.02,,0.64,0.67,0.73,1.47,0.22,0.12,6393030d-be6e-c8b1-0244-0ee49b2a9cc4,0.5,0.34,0.02,0.41,0.37,0.62,0.69,0.56,0.49,0.45,6393030d-be6e-c8b1-0244-0ee49b2a9cc4,0.88,0.91,0.79,0.19,0.68,0.55,0.57,0.42,0.49,0.94
639302ea-1947-ee88-a32e-ac2fdf89d159,Windows 10.0,Desktop,WebKit,Chrome 108.0.0.0,09/12/2022 09:43,09/12/2022 09:51,109.144.210.111,00:08:23,10,2,5,1,3,qZVX9ekNjPQcmH2q8oWsfGTg,6,2,1,1,30,5,1,6,3,3,2,"1,5,4,2,3",2,1,1,0,639302ea-1947-ee88-a32e-ac2fdf89d159,0.76,0.84,0.47,0.74,0.63,0.3,0.41,0.56,0.63,0.3,639302ea-1947-ee88-a32e-ac2fdf89d159,0.55,0.37,0.67,0.52,0.32,0.66,0.56,0.74,0.43,0.27,639302ea-1947-ee88-a32e-ac2fdf89d159,0.6,0.66,0.3,0.21,0.5,0.53,0.41,0.61,0.31,0.15,639302ea-1947-ee88-a32e-ac2fdf89d159,0.61,0.35,0.09,0.21,0.85,0.86,0.59,0.53,0.54,0.3,639302ea-1947-ee88-a32e-ac2fdf89d159,0.67,0.76,0.79,0.25,0.68,0.52,0.83,0.45,0.83,0.68
63930351-8c4b-652f-2d96-5c37c18db8d2,iOS 16_1,Mobile,iPhone,Mozilla,09/12/2022 09:43,09/12/2022 09:51,86.135.149.22,00:07:59,10,1,6,2,3,9ERCjBf6RL7RxAsJ6TKsAetC,6,2,1,2,27,5,7,6,2,3,2,"1,3,5,2,4",1,2,1,0,63930351-8c4b-652f-2d96-5c37c18db8d2,0.3,,1.57,0.44,1.06,0.28,0.47,0.82,0.49,0.27,63930351-8c4b-652f-2d96-5c37c18db8d2,0.79,0.68,1.12,0.45,0.38,0.4,0.66,0.79,0.67,0.31,63930351-8c4b-652f-2d96-5c37c18db8d2,0.65,0.7,,0.24,,0.51,0.94,1.26,0.5,0.21,63930351-8c4b-652f-2d96-5c37c18db8d2,0.47,0.44,0.22,0.24,1.16,0.66,0.63,0.25,0.31,0.41,63930351-8c4b-652f-2d96-5c37c18db8d2,0.61,0.65,0.81,0.21,0.93,0.55,0.68,0.6,0.23,0.28
63930355-e9a6-abe1-b39e-5411dac83e6d,AndroidOS 9,Mobile,WebKit,Chrome 108.0.5359.79,09/12/2022 09:43,09/12/2022 10:10,5.71.5.49,00:26:40,10,1,6,1,3,6zivdN2DYvJTdgECUivKhHit,4,1,1,2,34,2,3,4,3,3,2,"5,2,1,4,3",1,2,4,0,63930355-e9a6-abe1-b39e-5411dac83e6d,0.06,0.9,0.24,0.56,0.93,0.53,0.5,0.67,0.77,0.61,63930355-e9a6-abe1-b39e-5411dac83e6d,0.53,0.47,0.52,0.45,0.37,0.6,0.87,0.84,0.52,0.62,63930355-e9a6-abe1-b39e-5411dac83e6d,0.75,0.74,0.26,0.34,0,0.38,0.59,0.8,0.35,0.21,63930355-e9a6-abe1-b39e-5411dac83e6d,0.93,0.37,0.13,0.26,0.64,,0.66,0.47,0.57,0.37,63930355-e9a6-abe1-b39e-5411dac83e6d,0.81,0.78,0.84,0.3,0.71,0.59,0.9,0.52,0.67,1.53
63930320-42db-e2d9-f837-e3426fca6473,Windows 10.0,Desktop,WebKit,Edge 107.0.1418.62,09/12/2022 09:43,09/12/2022 09:51,90.221.130.224,00:07:45,10,3,6,2,3,jMnvieA4bmneU686YddUgR3S,6,1,1,2,27,3,7,6,3,3,2,"1,5,2,3,4",3,2,2,0,63930320-42db-e2d9-f837-e3426fca6473,1.03,0.93,0.46,0.42,0.72,0.2,0.33,0.51,0.21,0.23,63930320-42db-e2d9-f837-e3426fca6473,0.58,0.3,0.64,,0.43,1.15,0.67,2.17,0.56,0.3,63930320-42db-e2d9-f837-e3426fca6473,0.64,0.71,0.23,0.21,0.36,0.52,0.61,0.62,0.18,0.29,63930320-42db-e2d9-f837-e3426fca6473,0.67,0.42,0.37,0.25,0.6,0.07,0.75,0.28,0.5,,63930320-42db-e2d9-f837-e3426fca6473,0.59,0.61,0.6,0.26,0.48,0.67,0.66,0.43,0.57,0.65
63930328-faf4-6429-eace-bbf35e81db98,Windows 10.0,Desktop,WebKit,Chrome 108.0.0.0,09/12/2022 09:43,09/12/2022 09:49,94.173.135.185,00:05:53,11,2,6,1,3,s9rSN9yCwE2AZSDEAqEpHA49,1,1,1,2,52,2,2,1,3,3,2,"5,2,4,3,1",2,1,1,0,63930328-faf4-6429-eace-bbf35e81db98,0.89,0.48,0.6,0.58,0.77,0.27,0.46,1.1,0.46,0.29,63930328-faf4-6429-eace-bbf35e81db98,0.55,0.53,0.95,0.07,0.54,0.52,0.56,1.08,0.45,0.31,63930328-faf4-6429-eace-bbf35e81db98,0.67,0.33,0.29,0.37,0.46,0.52,0.56,1.17,0.31,,63930328-faf4-6429-eace-bbf35e81db98,0.8,0.34,0.18,0.23,0.78,0.61,0.62,0.54,0.54,0.76,63930328-faf4-6429-eace-bbf35e81db98,0.51,0.61,0.71,0.19,,0.46,0.68,,0.41,0.56
6393035d-6497-27f1-c99b-93e770d57d1f,OS X 10_15_7,Desktop,Macintosh,Safari 16.0,09/12/2022 09:43,09/12/2022 09:50,109.158.241.153,00:06:18,10,5,5,1,3,3EHfY5UN7SjrUG1KfT56QRte,7,1,1,1,25,2,3,7,3,3,2,"5,1,2,4,3",5,1,2,0,6393035d-6497-27f1-c99b-93e770d57d1f,1.07,0.69,1.23,0.72,0.8,0.29,0.48,0.63,0.73,0.21,6393035d-6497-27f1-c99b-93e770d57d1f,0.49,0.47,0.48,0.44,0.01,0.53,0.27,0.93,0.33,0.57,6393035d-6497-27f1-c99b-93e770d57d1f,0.66,,0.33,,0.69,0.59,0.4,0.15,0.41,0.09,6393035d-6497-27f1-c99b-93e770d57d1f,0.6,0.34,0.17,0.23,0.7,0.74,0.67,0.47,0.57,0.35,6393035d-6497-27f1-c99b-93e770d57d1f,0.8,0.74,0.75,0.26,0.56,0.36,0.88,,0.72,0.83
639308fb-7e10-ac6d-a4ca-1b2709e38f24,iOS 16_1_1,Mobile,iPhone,Mozilla,09/12/2022 10:07,09/12/2022 10:16,88.105.124.206,00:08:55,11,4,6,1,3,dda09397-abf5-4c91-a1bd-b12428b3e893,5,2,1,2,51,5,1,5,3,3,2,"3,4,5,1,2",4,1,1,0,639308fb-7e10-ac6d-a4ca-1b2709e38f24,2.97,0.72,0.91,0.69,0.55,0.33,0.68,0.6,0.59,0.35,639308fb-7e10-ac6d-a4ca-1b2709e38f24,0.56,0.39,0.74,0.57,0.39,0.26,0.11,1.88,0.39,0.36,639308fb-7e10-ac6d-a4ca-1b2709e38f24,0.84,1.04,0.27,0.3,0.32,0.33,,0.47,0.29,0.46,639308fb-7e10-ac6d-a4ca-1b2709e38f24,0.59,0.25,0.11,0.47,0.92,0.78,0.66,0.72,0.47,0.38,639308fb-7e10-ac6d-a4ca-1b2709e38f24,0.77,0.83,0.74,0.19,0.55,0.4,0.87,0.37,0,0.68
63930967-e11a-8577-f49a-cd3af74141d1,iOS 16_1_2,Mobile,iPhone,Mozilla,09/12/2022 10:10,09/12/2022 10:17,90.194.75.16,00:06:55,10,3,6,1,3,6235039f-2554-4162-9e76-2f757b6948b8,1,1,1,2,36,2,3,1,9,3,2,"3,1,5,2,4",3,4,2,0,63930967-e11a-8577-f49a-cd3af74141d1,0.46,0.76,0.94,0.76,0.68,0.34,0.53,0.49,0.74,0.3,63930967-e11a-8577-f49a-cd3af74141d1,0.46,0.39,0.57,0.48,0.29,0.5,0.69,0.8,0.46,0.27,63930967-e11a-8577-f49a-cd3af74141d1,0.6,0.77,0.23,0.21,0.22,0.49,0.51,0.88,0.33,0.19,63930967-e11a-8577-f49a-cd3af74141d1,0.08,0.33,0.2,0.24,0.88,0.71,0.52,0.59,0.53,0.26,63930967-e11a-8577-f49a-cd3af74141d1,0.85,0.84,1.63,0.16,0.46,0.3,0.63,0.36,0.61,1.03
63930981-f49e-d5bd-3bc1-a084298b2053,iOS 16_1_1,Mobile,iPhone,Mozilla,09/12/2022 10:10,09/12/2022 10:29,81.158.133.177,00:18:28,12,3,6,1,3,c869f686-3b4c-4b24-8a41-9f64896de4ac,5,2,1,2,57,6,1,5,3,3,2,"5,2,4,1,3",3,2,2,0,63930981-f49e-d5bd-3bc1-a084298b2053,0.84,1.38,,0.62,0.61,0.29,0.54,0.71,0.66,0.18,63930981-f49e-d5bd-3bc1-a084298b2053,0.49,0.4,0.03,0.4,0.22,0.43,0.61,,0.59,0.37,63930981-f49e-d5bd-3bc1-a084298b2053,0.7,0.85,0.38,0.19,0.28,0.52,0.38,1.03,0.46,0.01,63930981-f49e-d5bd-3bc1-a084298b2053,0.64,0.45,0.13,0.3,0.55,0.91,0.73,0.45,0.46,0.31,63930981-f49e-d5bd-3bc1-a084298b2053,0.46,,1.14,0.15,0.62,0.5,0.85,0.41,0.63,1.06
639309bd-0967-229e-4bca-337c789507e8,iOS 16_1_1,Mobile,iPhone,Mozilla,09/12/2022 10:11,09/12/2022 10:19,82.38.186.254,00:07:47,11,4,6,1,3,d60d87ae-2cde-4a7e-b853-9294024dc94c,6,1,1,2,42,3,3,6,3,3,2,"1,5,3,2,4",4,2,1,0,639309bd-0967-229e-4bca-337c789507e8,1.8,0.8,0.74,1.41,0.82,0.24,0.59,0.58,0.99,0.2,639309bd-0967-229e-4bca-337c789507e8,0.78,0.4,0.81,0.59,0.39,0.61,0.42,0.64,0.47,0.35,639309bd-0967-229e-4bca-337c789507e8,0.77,1,,0.07,0.45,0.42,0.37,0.82,0.31,0.16,639309bd-0967-229e-4bca-337c789507e8,0.86,0.31,,,1.3,0.6,0.64,0.56,0.38,0.25,639309bd-0967-229e-4bca-337c789507e8,0.63,0.63,0.98,0.27,0.77,0.52,0.67,0.52,0.57,0.4
639309b2-31aa-860f-f682-1b00f4f11bc7,iOS 16_0_2,Mobile,iPhone,Mozilla,09/12/2022 10:11,09/12/2022 10:17,86.10.66.39,00:05:57,10,5,6,1,3,99b28a75-401a-4480-bc6a-be537fe3229a,5,1,1,2,27,2,2,5,3,3,2,"3,5,2,1,4",5,1,2,0,639309b2-31aa-860f-f682-1b00f4f11bc7,,,0.57,0.72,0.73,0.31,0.31,,0.49,0.25,639309b2-31aa-860f-f682-1b00f4f11bc7,0.46,0.36,0.82,0.48,0.37,0.41,0.61,1.23,0.35,0.19,639309b2-31aa-860f-f682-1b00f4f11bc7,,1.05,,0.24,0.19,,0.58,0.75,0.24,0.18,639309b2-31aa-860f-f682-1b00f4f11bc7,0.67,0.33,0.17,0.26,0.6,0.41,0.66,0.31,0.44,,639309b2-31aa-860f-f682-1b00f4f11bc7,0.53,0.64,0.83,,,0.43,0.37,,,0.71
63930a52-8c53-f62a-9f61-1e91d6bed9a9,AndroidOS 12,Mobile,WebKit,Chrome 98.0.4758.101,09/12/2022 10:13,09/12/2022 10:23,81.99.67.138,00:09:11,11,3,6,2,3,f2769155-39b3-4e7c-90d8-a1f49726a26b,1,2,1,2,43,5,7,1,3,3,2,"4,1,5,2,3",3,1,1,0,63930a52-8c53-f62a-9f61-1e91d6bed9a9,0.4,0.92,0.62,0.96,0.94,0.34,0.54,0.57,0.58,0.23,63930a52-8c53-f62a-9f61-1e91d6bed9a9,0.59,0.42,0.66,0.45,0.25,0.48,0.61,0.79,0.46,0.39,63930a52-8c53-f62a-9f61-1e91d6bed9a9,0.58,0.53,0.48,,0.44,0.52,0.23,0.49,0.21,0.22,63930a52-8c53-f62a-9f61-1e91d6bed9a9,0.76,0.25,0.14,0.18,0.83,0.72,0.48,0.61,0.5,0.41,63930a52-8c53-f62a-9f61-1e91d6bed9a9,0.78,0.76,1.05,0.1,0.61,,0.76,0.39,0.51,0.7
63930a59-13ff-2f9d-b638-476dd52066c2,iOS 16_1_1,Mobile,iPhone,Mozilla,09/12/2022 10:13,09/12/2022 10:20,86.10.140.196,00:06:10,10,3,6,1,3,8a884086-4e61-4b06-be13-b65ac95a35b3,3,1,1,2,26,3,3,3,1,3,2,"3,2,5,4,1",3,1,1,0,63930a59-13ff-2f9d-b638-476dd52066c2,1.1,1.04,0.8,0.65,1.01,0.28,0.5,0.69,0.45,0.15,63930a59-13ff-2f9d-b638-476dd52066c2,0.47,0.45,0.81,0.54,0.38,0.48,0.52,0.8,0.54,,63930a59-13ff-2f9d-b638-476dd52066c2,0.72,0.98,0.34,0.32,,0.4,0.35,0.91,0.3,0.21,63930a59-13ff-2f9d-b638-476dd52066c2,0.77,0.25,0.1,0.47,0.69,0.81,0.73,0.45,0.4,0.39,63930a59-13ff-2f9d-b638-476dd52066c2,0.59,0.4,0.58,0.43,0.39,0.46,0.56,0.48,0.45,0.74
6393094f-e9de-e587-36e2-d545549bcaa5,Windows 10.0,Desktop,WebKit,Edge 108.0.1462.42,09/12/2022 10:13,09/12/2022 10:25,86.153.143.7,00:11:06,11,1,5,1,3,16124519,4,1,1,1,49,2,1,4,3,3,2,"1,3,4,2,5",1,2,2,0,6393094f-e9de-e587-36e2-d545549bcaa5,0.46,0.57,0.37,0.67,0.89,0.31,0.45,0.54,0.84,0.3,6393094f-e9de-e587-36e2-d545549bcaa5,0.64,0.42,0.63,0.56,0.34,0.6,0.7,,0.43,0.25,6393094f-e9de-e587-36e2-d545549bcaa5,0.57,0.78,0.33,0.18,0.26,0.52,0.28,0.52,0.28,0.19,6393094f-e9de-e587-36e2-d545549bcaa5,0.69,0.29,0.11,0.22,0.65,0.25,0.56,0.44,0.49,0.33,6393094f-e9de-e587-36e2-d545549bcaa5,0.77,0.78,0.66,0.21,0.66,0.54,0.83,,0.78,0.97
63930aab-dc54-eb17-7121-35c1fcf1da49,iOS 16_0,Mobile,iPhone,Mozilla,09/12/2022 10:15,09/12/2022 10:22,90.200.143.122,00:07:06,9,3,6,1,3,b2447da4-443d-4a3b-8eb2-a6ce0099309d,2,2,1,2,24,5,1,2,3,3,2,"1,3,5,4,2",3,2,1,0,63930aab-dc54-eb17-7121-35c1fcf1da49,0.77,0.87,1.15,0.72,0.53,0.34,0.4,0.56,0.59,0.33,63930aab-dc54-eb17-7121-35c1fcf1da49,0.68,0.28,0.51,0.37,0.39,0.48,0.49,1.04,0.39,0.33,63930aab-dc54-eb17-7121-35c1fcf1da49,0.53,0.91,0.45,0.25,0.36,0.35,0.5,0,0.32,0.2,63930aab-dc54-eb17-7121-35c1fcf1da49,0.64,0.32,0.15,0.26,0.83,0.69,0.52,0.31,0.49,0.33,63930aab-dc54-eb17-7121-35c1fcf1da49,0.76,0.47,0.71,0.29,0.78,0.54,0.71,0.49,0.59,0.43
63930ae7-547d-7923-d9bb-23c0e254cf34,iOS 15_1,Mobile,iPhone,Mozilla,09/12/2022 10:17,09/12/2022 10:25,85.255.237.106,00:07:55,12,2,5,1,3,82155371-ba58-473f-b9a0-1f2ee26a2459,6,1,1,1,66,2,2,6,2,3,2,"4,1,2,5,3",2,1,1,0,63930ae7-547d-7923-d9bb-23c0e254cf34,1.34,1.12,,0.86,0.91,0.29,0.41,0.64,0.71,0.43,63930ae7-547d-7923-d9bb-23c0e254cf34,0.65,0.37,0.17,0.39,0.62,0.61,0.89,0.73,0.42,0.26,63930ae7-547d-7923-d9bb-23c0e254cf34,0.65,0.82,0.36,0.31,0.36,0.46,0.44,0.58,0.06,0.22,63930ae7-547d-7923-d9bb-23c0e254cf34,0.85,0.35,0.08,0.18,0.57,0.61,0.67,0.6,0.53,0.33,63930ae7-547d-7923-d9bb-23c0e254cf34,0.82,0.45,0.57,0.16,0.62,0.75,1.07,0.59,0.89,0.93
63930b5c-a0d3-a2ca-618f-b75c0f91e68b,AndroidOS 12,Mobile,WebKit,Chrome 108.0.5359.79,09/12/2022 10:18,09/12/2022 10:26,77.86.74.157,00:08:28,11,3,6,1,3,104769965,8,2,1,2,52,8,1,8,3,3,1,"5,4,2,3,1",3,1,1,0,63930b5c-a0d3-a2ca-618f-b75c0f91e68b,0.66,1,1.05,0.62,1.17,0.22,0.45,0.64,,0.2,63930b5c-a0d3-a2ca-618f-b75c0f91e68b,0.57,0.34,0.23,0.4,0.47,0.55,,0.7,0.38,0.14,63930b5c-a0d3-a2ca-618f-b75c0f91e68b,0.79,0.84,0.23,0.39,0.29,0.99,0.37,0.84,0.4,0.04,63930b5c-a0d3-a2ca-618f-b75c0f91e68b,0.72,0.45,0.18,0.22,0.6,0.88,0.68,,0.34,0.52,63930b5c-a0d3-a2ca-618f-b75c0f91e68b,0.09,0.92,0.93,0.28,0.67,0.67,0.87,0.58,,0.54
63930c0f-a226-84e9-ba1f-39b8b5682f1f,AndroidOS 11,Mobile,WebKit,Chrome 102.0.5005.125,09/12/2022 10:21,09/12/2022 10:28,213.205.192.246,00:07:19,11,3,6,2,3,63603bb5-7ad5-40ec-bbee-c01583eda5ce,3,2,1,2,46,8,7,3,2,3,2,"3,4,2,5,1",3,2,2,0,63930c0f-a226-84e9-ba1f-39b8b5682f1f,1.83,1.1,0.59,0.54,0.8,0.32,0.39,0.51,,0.4,63930c0f-a226-84e9-ba1f-39b8b5682f1f,0.56,0.17,0.75,0.56,0.39,0.43,0.64,0.92,0.3,0.27,63930c0f-a226-84e9-ba1f-39b8b5682f1f,0.68,0.34,0.1,0.33,0.62,1.22,0.45,1.01,0.36,0.26,63930c0f-a226-84e9-ba1f-39b8b5682f1f,0.63,0.39,0.03,0.2,0.73,0.61,0.59,0.55,0.39,0.4,63930c0f-a226-84e9-ba1f-39b8b5682f1f,0.44,0.5,0.67,0,0.45,0.45,0.68,0.36,0.82,1.08
63930c82-77b6-9a95-9c83-d787b3e36cb3,AndroidOS 9,Mobile,WebKit,Chrome 108.0.5359.79,09/12/2022 10:25,09/12/2022 10:33,92.4.37.14,00:08:13,12,3,6,1,3,f5812d7c-a259-434e-874f-d96b2c113978,3,2,1,2,59,8,2,3,3,3,2,"2,1,5,4,3",3,1,1,0,63930c82-77b6-9a95-9c83-d787b3e36cb3,1.96,1.28,1.8,0.9,0.78,0.28,0.62,0.66,0.72,0.32,63930c82-77b6-9a95-9c83-d787b3e36cb3,0.6,0.37,0.72,0.56,0.4,0.55,,0.88,0.68,0.16,63930c82-77b6-9a95-9c83-d787b3e36cb3,0.59,0.66,0.25,0.27,0.29,0.49,0.52,1.03,0.21,0.13,63930c82-77b6-9a95-9c83-d787b3e36cb3,0.79,0.31,0.05,0.2,0.88,0.83,0.28,0.36,0.54,0.38,63930c82-77b6-9a95-9c83-d787b3e36cb3,0.9,1.03,0.68,0.23,0.69,0.72,0.89,0.57,0.91,1.14
63930d08-68b0-723d-5cb8-1de861796f4d,Windows 10.0,Desktop,WebKit,Chrome 108.0.0.0,09/12/2022 10:25,09/12/2022 10:33,87.115.87.96,00:08:24,12,4,5,1,3,289281414,10,2,1,1,62,6,2,10,3,3,2,"4,3,1,2,5",4,3,2,0,63930d08-68b0-723d-5cb8-1de861796f4d,0.96,1.03,0.93,0.66,0.78,0.25,0.65,0.7,0.89,0.29,63930d08-68b0-723d-5cb8-1de861796f4d,0.52,0.38,0.78,0.38,0.33,0.5,0.64,0.81,0.37,0.27,63930d08-68b0-723d-5cb8-1de861796f4d,0.62,0.6,0.3,0.28,0.66,,0.48,1.01,0.33,0.25,63930d08-68b0-723d-5cb8-1de861796f4d,1.31,0.23,0,0.15,0.96,0.8,1.27,0.83,0.5,0.29,63930d08-68b0-723d-5cb8-1de861796f4d,0.51,0.49,0.88,0.27,0.54,0.51,0.85,0.48,0.45,0.75
639310cf-6844-073d-1f1a-84eb83c1f513,OS X 10_15_7,Desktop,Macintosh,Safari 15.6.1,09/12/2022 10:41,09/12/2022 10:57,82.69.5.129,00:15:58,11,4,6,1,3,9509975,5,1,1,2,45,2,3,5,3,3,2,"5,2,1,4,3",4,1,2,0,639310cf-6844-073d-1f1a-84eb83c1f513,0.68,1.99,1.26,0.81,1.66,0.24,0.7,1.12,,0.28,639310cf-6844-073d-1f1a-84eb83c1f513,0.47,0.44,1,0.34,0.28,0.47,0,0.89,0.44,0.26,639310cf-6844-073d-1f1a-84eb83c1f513,0.62,1.44,0.36,0.31,0.33,,0,0.81,0.22,0.2,639310cf-6844-073d-1f1a-84eb83c1f513,0.66,0.16,0.22,0.16,0.92,,0.95,0.55,,0.33,639310cf-6844-073d-1f1a-84eb83c1f513,,0,0.94,0.21,,,,0.38,0.81,0.79
639311ee-f161-1117-e187-8408718c33e3,AndroidOS 12,Mobile,WebKit,Chrome 107.0.5304.141,09/12/2022 10:46,09/12/2022 10:52,5.150.99.19,00:05:40,9,1,5,2,3,375264803,2,2,1,1,18,7,5,2,3,3,2,"5,2,4,3,1",1,1,1,0,639311ee-f161-1117-e187-8408718c33e3,0.54,0.83,0.74,0.71,0.87,0.3,0.5,0.65,0.52,0.31,639311ee-f161-1117-e187-8408718c33e3,0.55,0.45,0.57,0.45,0.38,0.47,0.58,0.86,0.39,0.25,639311ee-f161-1117-e187-8408718c33e3,0.63,0.76,0.36,0.24,0.38,0.42,0.31,1,0.28,0.18,639311ee-f161-1117-e187-8408718c33e3,0.67,0.29,0.14,0.21,0.85,0.69,0.61,0.59,0.54,0.34,639311ee-f161-1117-e187-8408718c33e3,0.63,0.66,0.8,0.22,0.66,0.45,0.81,0.36,0.68,0.69
639313f2-417e-3d42-12f7-49ed93ab8a9d,AndroidOS 10,Mobile,WebKit,Chrome 107.0.5304.141,09/12/2022 10:54,09/12/2022 11:01,81.132.121.244,00:06:57,11,3,6,1,3,105165477,3,2,1,2,54,8,3,3,3,3,1,"3,4,5,2,1",3,1,1,0,639313f2-417e-3d42-12f7-49ed93ab8a9d,0.95,0.78,0.5,0.61,0.81,0.28,0.63,0.62,0.76,0.23,639313f2-417e-3d42-12f7-49ed93ab8a9d,0.52,0.44,0.94,0.51,0.3,0.55,0.93,0.71,0.42,0.37,639313f2-417e-3d42-12f7-49ed93ab8a9d,0.7,0.7,0.4,0.25,0.38,0.44,0.16,0.59,0.24,0.21,639313f2-417e-3d42-12f7-49ed93ab8a9d,,0.35,,0.28,0.98,,0.55,0.43,0.33,0.41,639313f2-417e-3d42-12f7-49ed93ab8a9d,,0.49,1.16,0.11,1.04,0.95,0.55,0,,
639319f8-9634-d2e0-42a0-a3862496c3e5,iOS 15_7_1,Mobile,iPhone,Safari 15.6.3,09/12/2022 11:20,09/12/2022 11:27,82.132.216.15,00:07:13,12,2,5,1,3,AvtwDowy6PNeThkBWuDFDuha,1,2,1,1,57,5,3,1,3,3,2,"1,4,2,5,3",2,2,2,0,639319f8-9634-d2e0-42a0-a3862496c3e5,1.01,1.16,1.47,0.6,0.75,0.22,0.68,0.44,0.76,0.18,639319f8-9634-d2e0-42a0-a3862496c3e5,0.46,0.36,0.99,0.36,0.45,0.58,0.64,0.44,,0.18,639319f8-9634-d2e0-42a0-a3862496c3e5,0.67,0.62,0.32,0.35,0.64,0.67,0.48,0.48,0.25,0.26,639319f8-9634-d2e0-42a0-a3862496c3e5,0.68,0.35,0.09,0.34,0.91,1.31,0.79,0.58,0.64,0.25,639319f8-9634-d2e0-42a0-a3862496c3e5,0.71,0.7,0.69,0.23,0.52,0.64,0,0.53,0.38,0.74
639319d2-e2db-9656-a576-b191dcb10d9e,ChromeOS 15183.59.0,Desktop,WebKit,Chrome 108.0.0.0,09/12/2022 11:20,09/12/2022 11:29,146.66.63.178,00:08:29,12,3,6,1,3,go1onu2p2FM5BUfitpbY2Leb,3,2,1,2,62,8,3,3,3,3,2,"4,3,5,1,2",3,2,1,0,639319d2-e2db-9656-a576-b191dcb10d9e,0.38,1.49,1.15,0.74,1.47,0.29,0.46,0.64,0.64,0.24,639319d2-e2db-9656-a576-b191dcb10d9e,0.55,0.42,0.7,0.46,0.37,0.49,0.84,0.71,0.45,0.29,639319d2-e2db-9656-a576-b191dcb10d9e,0.64,0.61,0.28,0.28,0.34,0.48,0.37,0.86,0.25,0.19,639319d2-e2db-9656-a576-b191dcb10d9e,0.79,0.3,0.17,0.18,0.62,0.6,0.55,0.48,0.55,0.38,639319d2-e2db-9656-a576-b191dcb10d9e,0.72,0.71,0.68,0.24,0.67,0.44,0.61,0.49,0.52,1.07
639319e7-6e69-8280-b05f-6f41e2f7df79,Windows 10.0,Desktop,FALSE,Firefox 93.0,09/12/2022 11:20,09/12/2022 11:37,109.145.239.142,00:16:53,11,1,6,1,3,w3Q7GyELv5PSR8TKsGTLR2yK,6,1,1,2,53,3,2,6,3,3,2,"5,4,1,2,3",1,2,2,0,639319e7-6e69-8280-b05f-6f41e2f7df79,0.59,0.93,0.69,0.68,0.95,0.29,0.51,0.6,0.73,0.26,639319e7-6e69-8280-b05f-6f41e2f7df79,0.5,0.4,0.66,0.53,0.37,0.45,0.63,0.75,0.44,0.26,639319e7-6e69-8280-b05f-6f41e2f7df79,0.79,0.67,0.34,0.21,0.5,0.62,0.49,0.97,0.28,0.19,639319e7-6e69-8280-b05f-6f41e2f7df79,0.71,0.29,0.18,0.23,0.75,0.72,0.35,0.5,0.59,0,639319e7-6e69-8280-b05f-6f41e2f7df79,0.52,0.65,0.71,0.24,0.56,0.56,0.63,0.46,0.52,0.78
63931a2c-9993-9bfb-c0f8-6443e9a1ba80,iOS 16_1_1,Mobile,iPhone,Mozilla,09/12/2022 11:20,09/12/2022 11:31,86.186.159.195,00:10:54,11,4,6,1,3,LjBtKcFyiyBUNZPsfsQhYNrt,8,1,1,2,43,2,3,8,3,3,2,"3,2,5,1,4",4,2,2,0,63931a2c-9993-9bfb-c0f8-6443e9a1ba80,1.39,0.88,,0.71,0.85,0.23,0.18,0.45,0.89,0.11,63931a2c-9993-9bfb-c0f8-6443e9a1ba80,,0.56,,0.62,0.57,0.51,0.53,0.76,0.69,0.06,63931a2c-9993-9bfb-c0f8-6443e9a1ba80,0.57,0.66,0.29,0.14,0.07,0.42,,0.25,0,0.01,63931a2c-9993-9bfb-c0f8-6443e9a1ba80,0.64,0.33,,0.21,1.02,1.19,0.99,0.2,0.49,0.33,63931a2c-9993-9bfb-c0f8-6443e9a1ba80,0.81,0.58,0.61,0.18,,0.19,,,0.96,0.76
639319fb-1bcc-6170-e7fa-2abc9aba9709,AndroidOS 12,Mobile,WebKit,Chrome 108.0.5359.79,09/12/2022 11:21,09/12/2022 11:29,82.32.122.221,00:08:15,12,2,6,1,3,DA64JwausGjwtYF5sfyB5ci5,5,2,1,2,57,8,2,5,1,3,2,"3,2,4,5,1",2,1,2,0,639319fb-1bcc-6170-e7fa-2abc9aba9709,0.35,0.53,0.66,0.72,0.8,0.35,0.45,0.58,0.7,0.35,639319fb-1bcc-6170-e7fa-2abc9aba9709,0.48,0.44,0.77,0.58,0.36,0.47,0.54,0.9,0.49,0.25,639319fb-1bcc-6170-e7fa-2abc9aba9709,0.45,0.89,0.25,0.16,0.41,0.35,0.24,1.34,0.35,0.2,639319fb-1bcc-6170-e7fa-2abc9aba9709,0.61,0.35,0.09,0.21,0.81,0.75,0.56,0.5,0.54,0.37,639319fb-1bcc-6170-e7fa-2abc9aba9709,0.72,0.84,0.75,0.24,0.47,0.48,0.57,0.47,0.65,0.48
63931a0e-bf59-2f5b-261e-b65080382849,Windows 10.0,Desktop,WebKit,Chrome 108.0.0.0,09/12/2022 11:25,09/12/2022 11:31,146.200.13.65,00:05:59,11,4,6,1,3,zd5aTsSRfYHi3b1P4BvyY5Ey,3,1,1,2,52,3,1,3,3,3,2,"5,1,4,3,2",4,1,1,0,63931a0e-bf59-2f5b-261e-b65080382849,0.68,2.07,1.01,0.55,0.72,0.25,0.3,0.39,0.94,0.25,63931a0e-bf59-2f5b-261e-b65080382849,0.59,0.4,0.92,0.57,,0.53,0.64,0.54,0.04,0.13,63931a0e-bf59-2f5b-261e-b65080382849,0.71,0.98,0.22,0.22,0.26,0.51,0.23,1.1,0.19,0.15,63931a0e-bf59-2f5b-261e-b65080382849,0.58,0.56,0.08,0.25,1.56,0.67,0.7,0.69,0.56,0.49,63931a0e-bf59-2f5b-261e-b65080382849,0.63,0.75,0.76,0.15,0.82,0.44,0.57,0.35,0.55,0.82
63931b34-5883-8d3e-f6cc-8c18e9f0a2a9,OS X 10_15_7,Desktop,Macintosh,Safari 14.1.2,09/12/2022 11:25,09/12/2022 11:33,5.81.248.54,00:07:26,9,3,6,2,3,42762981,1,2,1,2,21,4,5,1,10,3,2,"5,4,1,2,3",3,3,2,0,63931b34-5883-8d3e-f6cc-8c18e9f0a2a9,0.12,0.68,0.45,0.71,0.89,0.54,0.54,0.69,0.55,0.28,63931b34-5883-8d3e-f6cc-8c18e9f0a2a9,0.55,0.43,0.96,0,0.37,0.54,0.46,0.74,0.45,0.32,63931b34-5883-8d3e-f6cc-8c18e9f0a2a9,,0.79,0.2,0.28,0.39,0.49,0.4,0.81,0.38,0.33,63931b34-5883-8d3e-f6cc-8c18e9f0a2a9,0.85,0.35,0.11,0.21,0.7,0.75,0.51,0.45,0.52,0.29,63931b34-5883-8d3e-f6cc-8c18e9f0a2a9,,,0.61,,,0.31,0.86,0.4,0.71,0.56
63931b38-2a33-aea5-da2b-228a92f7d879,ChromeOS 14989.107.0,Desktop,WebKit,Chrome 105.0.0.0,09/12/2022 11:26,09/12/2022 11:38,92.40.182.125,00:12:34,12,4,6,1,3,38832573,3,2,1,2,60,8,1,3,3,3,2,"2,3,1,5,4",4,1,2,0,63931b38-2a33-aea5-da2b-228a92f7d879,2.75,1.65,0.68,0,0.96,0.36,0.42,0.76,0.76,0.2,63931b38-2a33-aea5-da2b-228a92f7d879,0.46,0.17,0.53,0.55,0.46,0.52,0.7,0.85,0.42,0.23,63931b38-2a33-aea5-da2b-228a92f7d879,,,0.08,0.18,,0.63,0.23,,0.53,,63931b38-2a33-aea5-da2b-228a92f7d879,0.26,0.32,0.15,0.18,0.85,0.67,0.52,1.04,0.56,0.27,63931b38-2a33-aea5-da2b-228a92f7d879,,0.6,1.21,0.28,0.68,,0.91,,0.85,0.93
63931b3e-cf8a-890f-5bed-74b72e619b1f,Windows 10.0,Desktop,WebKit,Edge 108.0.1462.42,09/12/2022 11:26,09/12/2022 11:34,86.145.24.110,00:08:26,11,2,6,1,3,45832297,2,1,1,2,54,2,3,2,3,3,2,"3,2,5,4,1",2,2,2,0,63931b3e-cf8a-890f-5bed-74b72e619b1f,0.66,0.89,0.71,0.93,1.55,0.27,0.39,,0.55,0.33,63931b3e-cf8a-890f-5bed-74b72e619b1f,0.97,0.63,1.29,0.48,0.36,0.82,1.05,,0.86,0.43,63931b3e-cf8a-890f-5bed-74b72e619b1f,0.72,0.87,0.4,0.18,0.46,0.65,,,0.36,0.37,63931b3e-cf8a-890f-5bed-74b72e619b1f,0.68,0.35,0.12,0.15,1.36,0.61,0.63,0.3,0.41,0.38,63931b3e-cf8a-890f-5bed-74b72e619b1f,0.52,,0.46,0.24,0.72,0.41,0.91,,0.48,0.67
63931b26-39f0-56cf-e407-5885a3f7d3a7,iOS 12_5_5,Mobile,iPad,Safari 12.1.2,09/12/2022 11:26,09/12/2022 11:33,109.151.31.67,00:07:25,11,2,6,1,3,34307365,5,1,1,2,51,2,2,5,3,3,2,"2,5,3,1,4",2,2,2,0,63931b26-39f0-56cf-e407-5885a3f7d3a7,0.73,0.73,1.28,0.98,,0.33,0.54,0.62,0.78,0.3,63931b26-39f0-56cf-e407-5885a3f7d3a7,0.53,0.46,0.55,0.63,0.37,0.56,0.65,0.56,,0.31,63931b26-39f0-56cf-e407-5885a3f7d3a7,0.52,0.3,0.36,0.22,0.48,0.3,0.47,0.65,0.23,0.26,63931b26-39f0-56cf-e407-5885a3f7d3a7,0.43,0.37,,0.28,0.66,0.56,0.42,,0.68,,63931b26-39f0-56cf-e407-5885a3f7d3a7,0.69,0.78,1,0.19,0.79,0.33,0.73,0.42,0.77,0.66
63931b2e-9585-c3a7-5a38-825162d86d47,AndroidOS 11,Mobile,WebKit,Chrome 108.0.0.0,09/12/2022 11:26,09/12/2022 11:35,86.162.218.54,00:08:43,11,2,6,1,3,23708737,11,2,1,2,49,8,3,11,8,3,2,"4,5,2,3,1",2,1,1,0,63931b2e-9585-c3a7-5a38-825162d86d47,1.34,0.58,1.04,0.85,0.86,0.42,0.63,0.71,0.67,0.37,63931b2e-9585-c3a7-5a38-825162d86d47,0.41,0.33,0.59,,0.33,0.42,0.65,0.93,0.41,0.45,63931b2e-9585-c3a7-5a38-825162d86d47,0.39,0.72,0.29,0.29,0.41,0.29,0.37,0.65,0.4,0.19,63931b2e-9585-c3a7-5a38-825162d86d47,0.73,0.3,0.17,0.17,0.72,0.64,0.4,0.58,,0.46,63931b2e-9585-c3a7-5a38-825162d86d47,0.52,0.95,1.12,0.41,0.84,0.35,0.89,0.48,1.14,0.66
63931b5a-1818-8fd8-c449-3bde85cc9dff,Windows 10.0,Desktop,WebKit,Edge 108.0.1462.42,09/12/2022 11:26,09/12/2022 11:33,78.151.137.174,00:07:27,12,1,5,1,3,1843393,5,1,1,1,57,1,3,5,3,3,2,"3,4,5,1,2",1,3,2,0,63931b5a-1818-8fd8-c449-3bde85cc9dff,1.09,0.97,1.23,0.81,1.77,0.52,1.15,0.6,0.9,0.23,63931b5a-1818-8fd8-c449-3bde85cc9dff,0.66,0.39,1.88,0.44,0.26,0.69,0.72,0.74,0.33,0.31,63931b5a-1818-8fd8-c449-3bde85cc9dff,0.67,0.62,0.35,0.28,0.48,0.41,0.48,0.43,0.26,0.23,63931b5a-1818-8fd8-c449-3bde85cc9dff,0.93,0.34,0.11,0.39,,0.96,0,0.31,0.56,0.41,63931b5a-1818-8fd8-c449-3bde85cc9dff,0.75,0.73,0.84,0.2,0.67,0.27,0.75,0.3,0.82,1.06
63931bc0-dea3-4d69-e43b-6bc7fceb2fe4,Windows 10.0,Desktop,WebKit,Chrome 108.0.0.0,09/12/2022 11:28,09/12/2022 11:36,86.150.58.235,00:08:02,12,4,5,1,3,328280713,1,1,1,1,66,1,1,1,3,3,2,"1,5,2,4,3",4,2,2,0,63931bc0-dea3-4d69-e43b-6bc7fceb2fe4,1.2,0.97,0.75,,0.8,0.28,0.45,0.67,0.82,,63931bc0-dea3-4d69-e43b-6bc7fceb2fe4,0.49,0.4,0.56,0.56,0.29,0.52,0.47,0.77,0.46,0.24,63931bc0-dea3-4d69-e43b-6bc7fceb2fe4,0.64,0.75,0.24,0.23,0.49,0.49,0.47,0.44,0.29,0.15,63931bc0-dea3-4d69-e43b-6bc7fceb2fe4,0.68,0.35,0.1,0.2,0.72,0.65,0.64,0.57,0.48,0.36,63931bc0-dea3-4d69-e43b-6bc7fceb2fe4,,0.71,0.79,0.25,0.61,0.74,0.87,0.35,0.6,0.68
63931bb1-ab08-69e6-f793-4a8b7e62eea0,Windows 10.0,Desktop,WebKit,Chrome 108.0.0.0,09/12/2022 11:28,09/12/2022 12:32,81.157.125.9,01:03:48,11,2,5,2,3,MWUID84067123,2,1,1,1,49,2,4,2,3,3,1,"5,1,4,2,3",2,2,2,0,63931bb1-ab08-69e6-f793-4a8b7e62eea0,0.82,1.01,0.8,,0.86,0.31,0.68,0.69,0.51,0.24,63931bb1-ab08-69e6-f793-4a8b7e62eea0,0.57,0.45,,0.6,0.36,0.26,1.01,1.51,0.39,0.2,63931bb1-ab08-69e6-f793-4a8b7e62eea0,0.71,,0.32,0.21,0.56,0.53,0.39,0.71,0.38,0.19,63931bb1-ab08-69e6-f793-4a8b7e62eea0,0.58,0.46,0.13,0.25,0.72,,0.98,0,0.38,0.4,63931bb1-ab08-69e6-f793-4a8b7e62eea0,0.69,0.84,0.8,0.15,0.64,0.62,0.94,0.46,,0.84
639326c4-c198-d0d1-989c-99924b4065c0,Windows 10.0,Desktop,WebKit,Edge 108.0.1462.42,09/12/2022 12:14,09/12/2022 12:22,86.181.2.213,00:07:46,11,5,5,2,3,327644946,9,1,1,1,43,3,6,9,3,3,1,"5,1,3,4,2",5,2,2,0,639326c4-c198-d0d1-989c-99924b4065c0,0.87,0.74,0.97,0.69,0.85,0.31,0.55,0.71,0.7,0.28,639326c4-c198-d0d1-989c-99924b4065c0,0.57,0.46,,0.66,0.29,0.68,0.69,0,0.55,0.27,639326c4-c198-d0d1-989c-99924b4065c0,0.72,0.76,0.09,0.21,0.2,0.33,0,0.89,0.33,0.19,639326c4-c198-d0d1-989c-99924b4065c0,0.79,0.35,,0.21,0.71,0.83,0.55,0.5,,,639326c4-c198-d0d1-989c-99924b4065c0,0.84,0.67,0.77,0.2,0.75,0.38,0.59,0.37,0.56,0.64
63932c3b-0a54-ec3e-4e51-b093a337dd55,AndroidOS 9,Mobile,Kindle,Chrome 106.0.5249.170,09/12/2022 12:38,09/12/2022 12:46,88.104.216.123,00:08:28,12,1,5,1,3,36321549,1,1,1,1,62,2,2,1,3,3,2,"1,4,5,2,3",1,4,2,0,63932c3b-0a54-ec3e-4e51-b093a337dd55,,0.99,0.72,1.02,1.43,0.5,0.17,0.57,0.8,0.32,63932c3b-0a54-ec3e-4e51-b093a337dd55,0.47,0.34,0.93,0.51,0.38,0.33,0.79,0.24,0.49,0.3,63932c3b-0a54-ec3e-4e51-b093a337dd55,0.63,1.14,0.33,0.29,,0.54,0.2,1.03,0.57,0.22,63932c3b-0a54-ec3e-4e51-b093a337dd55,0.46,0.3,0.15,0.38,0.86,0.55,0.3,0.49,0.61,0.32,63932c3b-0a54-ec3e-4e51-b093a337dd55,0.44,0.49,0.85,0.37,0.59,0.67,0.54,0.34,0.72,0.76
63932dd6-dcd3-05bf-bffb-bde29b7722bc,Windows 10.0,Desktop,WebKit,Chrome 108.0.0.0,09/12/2022 12:44,09/12/2022 12:52,94.15.146.231,00:08:05,11,4,5,1,3,26453500,10,1,1,1,47,2,3,10,3,3,2,"2,3,5,1,4",4,2,3,0,63932dd6-dcd3-05bf-bffb-bde29b7722bc,1.43,0.48,1.34,0.59,0.9,0.34,0.54,0.47,0.86,0.23,63932dd6-dcd3-05bf-bffb-bde29b7722bc,0.65,0.35,0.82,0.44,0.34,0.59,0.72,0.83,0.41,0.28,63932dd6-dcd3-05bf-bffb-bde29b7722bc,0.64,0.49,0.29,0.22,,0.7,0.56,0.32,0.26,0.18,63932dd6-dcd3-05bf-bffb-bde29b7722bc,0.68,0.28,0.11,0.25,0.83,0.86,0.64,0.54,0.41,0.39,63932dd6-dcd3-05bf-bffb-bde29b7722bc,0.68,0.8,0.61,0.18,0.62,0.28,0.7,0.59,0.66,0.87
63932e05-7b0f-efeb-a005-30f5654c3d00,Windows 10.0,Desktop,WebKit,Chrome 108.0.0.0,09/12/2022 12:46,09/12/2022 12:53,31.124.1.5,00:07:14,11,2,6,1,3,4750884,4,2,1,2,45,8,1,4,1,3,2,"1,5,3,4,2",2,1,1,0,63932e05-7b0f-efeb-a005-30f5654c3d00,0.27,0.92,0.69,0.57,0.56,0.28,0.43,0.67,0.53,0.36,63932e05-7b0f-efeb-a005-30f5654c3d00,0.5,0.4,0.84,0.46,0.33,0.52,0.55,0.74,0.47,0.3,63932e05-7b0f-efeb-a005-30f5654c3d00,0.6,0.55,0.21,0.21,0.41,0.45,,0.67,0.26,0.23,63932e05-7b0f-efeb-a005-30f5654c3d00,0.73,0.29,0.1,0.18,0.68,0.62,0.54,0.4,0.53,0.43,63932e05-7b0f-efeb-a005-30f5654c3d00,0.67,0.68,0.97,0.21,0.61,0.45,0.88,0.41,0.51,0.8
63933513-d903-bb8c-3765-25f7e8de7b23,iOS 16_0_2,Mobile,iPhone,Mozilla,09/12/2022 13:16,09/12/2022 13:26,148.252.132.27,00:09:24,9,5,6,1,3,60_2a5a2cafdef28c2abd008c47645840ff33afabe857dffb7e00cd48e756f232de,1,1,1,2,18,3,1,1,3,3,2,"2,4,3,5,1",5,3,2,0,63933513-d903-bb8c-3765-25f7e8de7b23,,0.26,2.24,0.48,0.47,0.37,0.5,0.94,0.36,0.42,63933513-d903-bb8c-3765-25f7e8de7b23,0.62,,,0.24,0.67,0.69,0.1,1.19,0.45,0,63933513-d903-bb8c-3765-25f7e8de7b23,,,0.27,,0.43,0.5,0.39,1.47,0.45,0.16,63933513-d903-bb8c-3765-25f7e8de7b23,0.73,,0.13,0.32,0.8,0.82,0.31,0.31,0.62,0.13,63933513-d903-bb8c-3765-25f7e8de7b23,0.61,1.21,0.85,0.2,0.95,0.67,,,1.05,0.73